Workbook

Sheet Inputs
B2: Recruiter Name: | C2: Vince Brindisi
B3: Initials: | C3: VB
B4: Draw Balance: | C4: =+'Payroll Rec'!M39 -> -25297.93 | D4: 46188
B5: Current Year: | C5: 2026
B6: Prior Year | C6: 2025
B7: Plan: | C7: DH Recruiter
B8: YTD Direct Hire Billings: | C8: =+Totals!AN81 -> 97206.25
B9: YTD Direct Hire Booked: | C9: =SUM(J16:J93) -> 82581.25
B10: YTD Staffing GM: | C10: ='Staffing Comm Calc'!B28 -> 19028
B11: YTD Cash-In: | C11: =+Totals!AO81 -> 43768.75
B12: YTD Commissions Earned: | C12: =+'DH Comm Calc'!E28+'Staffing Comm Calc'!E28 -> 25118.7
A14: Placement ID | B14: Client | C14: Candidate | D14: Start Date | E14: Total Fee Billed to Client | F14: Date Paid | G14: Total Fee Paid by Client | H14: Cash Outstanding | I14: Personal Deal % | J14: Personal Billings | K14: Personal Cash-In | L14: Personal Cash Outstanding
B15: Marker Management | C15: Davita Brown | D15: 46027 | E15: 14625 | F15: 46051 | G15: 14625 | H15: =E15-G15 -> 0 | I15: 1 | J15: =I15*E15 -> 14625 | K15: =J15*I15 -> 14625 | L15: =+J15-K15 -> 0 | M15: PY
B16: Proconex | C16: Ryan Weaver | D16: 46069 | E16: 33750 | F16: 46073 | G16: =E16 -> 33750 | H16: =E16-G16 -> 0 | I16: 0.5 | J16: =I16*E16 -> 16875 | K16: =J16 -> 16875 | L16: =+J16-K16 -> 0
B17: Marker Management | C17: Davita Brown - Falloff | D17: 46069 | E17: -8450 | F17: 46069 | G17: =E17 -> -8450 | H17: =E17-G17 -> 0 | I17: 1 | J17: =I17*E17 -> -8450 | K17: =J17 -> -8450 | L17: =+J17-K17 -> 0
B18: Bentley Systems | C18: Jared Wood | D18: 46098 | E18: 55250 | F18: 46171 | G18: =E18 -> 55250 | H18: =E18-G18 -> 0 | I18: 0.375 | J18: =I18*E18 -> 20718.75 | K18: =G18*I18 -> 20718.75 | L18: =H18*I18 -> 0
B19: Bentley Systems | C19: Christopher Mcdonnel | D19: 46153 | E19: 25187.5 | H19: =E19 -> 25187.5 | I19: 1 | J19: =E19*I19 -> 25187.5 | K19: =G19*I19 -> 0 | L19: =J19-K19 -> 25187.5
B20: RPM | C20: Jessly Joseph | D20: 46153 | E20: 37500 | H20: =E20 -> 37500 | I20: 0.5 | J20: =E20*I20 -> 18750 | K20: =G20*I20 -> 0 | L20: =J20-K20 -> 18750
B21: AAMCO | C21: Luke Nuneviller | D21: 46181 | E21: 19000 | H21: =E21-G21 -> 19000 | I21: 0.5 | J21: =E21*I21 -> 9500 | K21: =G21*I21 -> 0 | L21: =J21-K21 -> 9500

Sheet Totals
B2: =Inputs!B2 -> Recruiter Name: | C2: =Inputs!C2 -> Vince Brindisi
B3: =Inputs!B3 -> Initials: | C3: =Inputs!C3 -> VB
B4: =Inputs!B4 -> Draw Balance: | C4: =Inputs!C4 -> -25297.93
B5: =Inputs!B5 -> Current Year: | C5: =Inputs!C5 -> 2026
B6: =Inputs!B6 -> Prior Year | C6: =Inputs!C6 -> 2025
B7: =Inputs!B7 -> Plan: | C7: =Inputs!C7 -> DH Recruiter
B8: =Inputs!B8 -> YTD Direct Hire Billings: | C8: =Inputs!C8 -> 97206.25
B9: =Inputs!B10 -> YTD Staffing GM: | C9: =Inputs!C10 -> 19028
B10: =Inputs!B11 -> YTD Cash-In: | C10: =Inputs!C11 -> 43768.75
B11: =Inputs!B12 -> YTD Commissions Earned: | C11: =Inputs!C12 -> 25118.7
C13: Billing/Cash In | D13: Start | E13: Paid | G13: Jan | H13: JAN | J13: Feb | K13: FEB | M13: Mar | N13: MAR | P13: April | Q13: APRIL | S13: May | T13: MAY | V13: June | W13: JUNE | Y13: July | Z13: JULY | AB13: August | AC13: AUGUST | AE13: Sept | AF13: SEPT | AH13: Oct | AI13: OCT | AK13: Nov | AL13: NOV | AN13: Dec | AO13: DEC
A14: Applicant | B14: Company | C14: Amount | D14: Date | E14: Date | G14: Billings | H14: CASH IN | J14: Billings | K14: CASH IN | M14: Billings | N14: CASH IN | P14: Billings | Q14: CASH IN | S14: Billings | T14: CASH IN | V14: Billings | W14: CASH IN | Y14: Billings | Z14: CASH IN | AB14: Billings | AC14: CASH IN | AE14: Billings | AF14: CASH IN | AH14: Billings | AI14: CASH IN | AK14: Billings | AL14: CASH IN | AN14: Billings | AO14: CASH IN
A15: =Inputs!C15 -> Davita Brown | B15: =Inputs!B15 -> Marker Management | C15: =Inputs!J15 -> 14625 | D15: =Inputs!D15 -> 46027 | E15: =Inputs!F15 -> 46051 | G15: =IF(AND(D15>=DATE(+$C$5,1,1), (D15<=DATE(+$C$5,1,31))), +$C15,) -> 14625 | H15: =IF(AND(E15>=DATE(+$C$5,1,1), (E15<=DATE(+$C$5,1,31))), +$C15,) -> 14625 | J15: =IF(AND(D15>=DATE(+$C$5,2,1), (D15<=DATE(+$C$5,2,28))), +$C15,) -> 0 | K15: =IF(AND(E15>=DATE(+$C$5,2,1), (E15<=DATE(+$C$5,2,29))), +$C15,) -> 0 | M15: =IF(AND(D15>=DATE(+$C$5,3,1), (D15<=DATE(+$C$5,3,31))), +$C15,) -> 0 | N15: =IF(AND(E15>=DATE(+$C$5,3,1), (E15<=DATE(+$C$5,3,31))), +$C15,) -> 0 | P15: =IF(AND(D15>=DATE(+$C$5,4,1), (D15<=DATE(+$C$5,4,30))), +$C15,) -> 0 | Q15: =IF(AND(E15>=DATE(+$C$5,4,1), (E15<=DATE(+$C$5,4,30))), +$C15,) -> 0 | S15: =IF(AND(D15>=DATE(+$C$5,5,1), (D15<=DATE(+$C$5,5,31))), +$C15,) -> 0 | T15: =IF(AND(E15>=DATE(+$C$5,5,1), (E15<=DATE(+$C$5,5,31))), +$C15,) -> 0 | V15: =IF(AND(D15>=DATE(+$C$5,6,1), (D15<=DATE(+$C$5,6,30))), +$C15,) -> 0 | W15: =IF(AND(E15>=DATE(+$C$5,6,1), (E15<=DATE(+$C$5,6,30))), +$C15,) -> 0 | Y15: =IF(AND(D15>=DATE(+$C$5,7,1), (D15<=DATE(+$C$5,7,31))), +$C15,) -> 0 | Z15: =IF(AND(E15>=DATE(+$C$5,7,1), (E15<=DATE(+$C$5,7,31))), +$C15,) -> 0 | AB15: =IF(AND(D15>=DATE(+$C$5,8,1), (D15<=DATE(+$C$5,8,31))), +$C15,) -> 0 | AC15: =IF(AND(E15>=DATE(+$C$5,8,1), (E15<=DATE(+$C$5,8,31))), +$C15,) -> 0 | AE15: =IF(AND(D15>=DATE(+$C$5,9,1), (D15<=DATE(+$C$5,9,30))), +$C15,) -> 0 | AF15: =IF(AND(E15>=DATE(+$C$5,9,1), (E15<=DATE(+$C$5,9,30))), +$C15,) -> 0 | AH15: =IF(AND(D15>=DATE(+$C$5,10,1), (D15<=DATE(+$C$5,10,31))), +$C15,) -> 0 | AI15: =IF(AND(E15>=DATE(+$C$5,10,1), (E15<=DATE(+$C$5,10,31))), +$C15,) -> 0 | AK15: =IF(AND(D15>=DATE(+$C$5,11,1), (D15<=DATE(+$C$5,11,30))), +$C15,) -> 0 | AL15: =IF(AND(E15>=DATE(+$C$5,11,1), (E15<=DATE(+$C$5,11,30))), +$C15,) -> 0 | AN15: =IF(AND(D15>=DATE(+$C$5,12,1), (D15<=DATE(+$C$5,12,31))), +$C15,) -> 0 | AO15: =IF(AND(E15>=DATE(+$C$5,12,1), (E15<=DATE(+$C$5,12,31))), +$C15,) -> 0
A16: =Inputs!C16 -> Ryan Weaver | B16: =Inputs!B16 -> Proconex | C16: =Inputs!J16 -> 16875 | D16: =Inputs!D16 -> 46069 | E16: =Inputs!F16 -> 46073 | G16: =IF(AND(D16>=DATE(+$C$5,1,1), (D16<=DATE(+$C$5,1,31))), +$C16,) -> 0 | H16: =IF(AND(E16>=DATE(+$C$5,1,1), (E16<=DATE(+$C$5,1,31))), +$C16,) -> 0 | J16: =IF(AND(D16>=DATE(+$C$5,2,1), (D16<=DATE(+$C$5,2,28))), +$C16,) -> 16875 | K16: =IF(AND(E16>=DATE(+$C$5,2,1), (E16<=DATE(+$C$5,2,29))), +$C16,) -> 16875 | M16: =IF(AND(D16>=DATE(+$C$5,3,1), (D16<=DATE(+$C$5,3,31))), +$C16,) -> 0 | N16: =IF(AND(E16>=DATE(+$C$5,3,1), (E16<=DATE(+$C$5,3,31))), +$C16,) -> 0 | P16: =IF(AND(D16>=DATE(+$C$5,4,1), (D16<=DATE(+$C$5,4,30))), +$C16,) -> 0 | Q16: =IF(AND(E16>=DATE(+$C$5,4,1), (E16<=DATE(+$C$5,4,30))), +$C16,) -> 0 | S16: =IF(AND(D16>=DATE(+$C$5,5,1), (D16<=DATE(+$C$5,5,31))), +$C16,) -> 0 | T16: =IF(AND(E16>=DATE(+$C$5,5,1), (E16<=DATE(+$C$5,5,31))), +$C16,) -> 0 | V16: =IF(AND(D16>=DATE(+$C$5,6,1), (D16<=DATE(+$C$5,6,30))), +$C16,) -> 0 | W16: =IF(AND(E16>=DATE(+$C$5,6,1), (E16<=DATE(+$C$5,6,30))), +$C16,) -> 0 | Y16: =IF(AND(D16>=DATE(+$C$5,7,1), (D16<=DATE(+$C$5,7,31))), +$C16,) -> 0 | Z16: =IF(AND(E16>=DATE(+$C$5,7,1), (E16<=DATE(+$C$5,7,31))), +$C16,) -> 0 | AB16: =IF(AND(D16>=DATE(+$C$5,8,1), (D16<=DATE(+$C$5,8,31))), +$C16,) -> 0 | AC16: =IF(AND(E16>=DATE(+$C$5,8,1), (E16<=DATE(+$C$5,8,31))), +$C16,) -> 0 | AE16: =IF(AND(D16>=DATE(+$C$5,9,1), (D16<=DATE(+$C$5,9,30))), +$C16,) -> 0 | AF16: =IF(AND(E16>=DATE(+$C$5,9,1), (E16<=DATE(+$C$5,9,30))), +$C16,) -> 0 | AH16: =IF(AND(D16>=DATE(+$C$5,10,1), (D16<=DATE(+$C$5,10,31))), +$C16,) -> 0 | AI16: =IF(AND(E16>=DATE(+$C$5,10,1), (E16<=DATE(+$C$5,10,31))), +$C16,) -> 0 | AK16: =IF(AND(D16>=DATE(+$C$5,11,1), (D16<=DATE(+$C$5,11,30))), +$C16,) -> 0 | AL16: =IF(AND(E16>=DATE(+$C$5,11,1), (E16<=DATE(+$C$5,11,30))), +$C16,) -> 0 | AN16: =IF(AND(D16>=DATE(+$C$5,12,1), (D16<=DATE(+$C$5,12,31))), +$C16,) -> 0 | AO16: =IF(AND(E16>=DATE(+$C$5,12,1), (E16<=DATE(+$C$5,12,31))), +$C16,) -> 0
A17: =Inputs!C17 -> Davita Brown - Falloff | B17: =Inputs!B17 -> Marker Management | C17: =Inputs!J17 -> -8450 | D17: =Inputs!D17 -> 46069 | E17: =Inputs!F17 -> 46069 | G17: =IF(AND(D17>=DATE(+$C$5,1,1), (D17<=DATE(+$C$5,1,31))), +$C17,) -> 0 | H17: =IF(AND(E17>=DATE(+$C$5,1,1), (E17<=DATE(+$C$5,1,31))), +$C17,) -> 0 | J17: =IF(AND(D17>=DATE(+$C$5,2,1), (D17<=DATE(+$C$5,2,28))), +$C17,) -> -8450 | K17: =IF(AND(E17>=DATE(+$C$5,2,1), (E17<=DATE(+$C$5,2,29))), +$C17,) -> -8450 | M17: =IF(AND(D17>=DATE(+$C$5,3,1), (D17<=DATE(+$C$5,3,31))), +$C17,) -> 0 | N17: =IF(AND(E17>=DATE(+$C$5,3,1), (E17<=DATE(+$C$5,3,31))), +$C17,) -> 0 | P17: =IF(AND(D17>=DATE(+$C$5,4,1), (D17<=DATE(+$C$5,4,30))), +$C17,) -> 0 | Q17: =IF(AND(E17>=DATE(+$C$5,4,1), (E17<=DATE(+$C$5,4,30))), +$C17,) -> 0 | S17: =IF(AND(D17>=DATE(+$C$5,5,1), (D17<=DATE(+$C$5,5,31))), +$C17,) -> 0 | T17: =IF(AND(E17>=DATE(+$C$5,5,1), (E17<=DATE(+$C$5,5,31))), +$C17,) -> 0 | V17: =IF(AND(D17>=DATE(+$C$5,6,1), (D17<=DATE(+$C$5,6,30))), +$C17,) -> 0 | W17: =IF(AND(E17>=DATE(+$C$5,6,1), (E17<=DATE(+$C$5,6,30))), +$C17,) -> 0 | Y17: =IF(AND(D17>=DATE(+$C$5,7,1), (D17<=DATE(+$C$5,7,31))), +$C17,) -> 0 | Z17: =IF(AND(E17>=DATE(+$C$5,7,1), (E17<=DATE(+$C$5,7,31))), +$C17,) -> 0 | AB17: =IF(AND(D17>=DATE(+$C$5,8,1), (D17<=DATE(+$C$5,8,31))), +$C17,) -> 0 | AC17: =IF(AND(E17>=DATE(+$C$5,8,1), (E17<=DATE(+$C$5,8,31))), +$C17,) -> 0 | AE17: =IF(AND(D17>=DATE(+$C$5,9,1), (D17<=DATE(+$C$5,9,30))), +$C17,) -> 0 | AF17: =IF(AND(E17>=DATE(+$C$5,9,1), (E17<=DATE(+$C$5,9,30))), +$C17,) -> 0 | AH17: =IF(AND(D17>=DATE(+$C$5,10,1), (D17<=DATE(+$C$5,10,31))), +$C17,) -> 0 | AI17: =IF(AND(E17>=DATE(+$C$5,10,1), (E17<=DATE(+$C$5,10,31))), +$C17,) -> 0 | AK17: =IF(AND(D17>=DATE(+$C$5,11,1), (D17<=DATE(+$C$5,11,30))), +$C17,) -> 0 | AL17: =IF(AND(E17>=DATE(+$C$5,11,1), (E17<=DATE(+$C$5,11,30))), +$C17,) -> 0 | AN17: =IF(AND(D17>=DATE(+$C$5,12,1), (D17<=DATE(+$C$5,12,31))), +$C17,) -> 0 | AO17: =IF(AND(E17>=DATE(+$C$5,12,1), (E17<=DATE(+$C$5,12,31))), +$C17,) -> 0
A18: =Inputs!C18 -> Jared Wood | B18: =Inputs!B18 -> Bentley Systems | C18: =Inputs!J18 -> 20718.75 | D18: =Inputs!D18 -> 46098 | E18: =Inputs!F18 -> 46171 | G18: =IF(AND(D18>=DATE(+$C$5,1,1), (D18<=DATE(+$C$5,1,31))), +$C18,) -> 0 | H18: =IF(AND(E18>=DATE(+$C$5,1,1), (E18<=DATE(+$C$5,1,31))), +$C18,) -> 0 | J18: =IF(AND(D18>=DATE(+$C$5,2,1), (D18<=DATE(+$C$5,2,28))), +$C18,) -> 0 | K18: =IF(AND(E18>=DATE(+$C$5,2,1), (E18<=DATE(+$C$5,2,29))), +$C18,) -> 0 | M18: =IF(AND(D18>=DATE(+$C$5,3,1), (D18<=DATE(+$C$5,3,31))), +$C18,) -> 20718.75 | N18: =IF(AND(E18>=DATE(+$C$5,3,1), (E18<=DATE(+$C$5,3,31))), +$C18,) -> 0 | P18: =IF(AND(D18>=DATE(+$C$5,4,1), (D18<=DATE(+$C$5,4,30))), +$C18,) -> 0 | Q18: =IF(AND(E18>=DATE(+$C$5,4,1), (E18<=DATE(+$C$5,4,30))), +$C18,) -> 0 | S18: =IF(AND(D18>=DATE(+$C$5,5,1), (D18<=DATE(+$C$5,5,31))), +$C18,) -> 0 | T18: =IF(AND(E18>=DATE(+$C$5,5,1), (E18<=DATE(+$C$5,5,31))), +$C18,) -> 20718.75 | V18: =IF(AND(D18>=DATE(+$C$5,6,1), (D18<=DATE(+$C$5,6,30))), +$C18,) -> 0 | W18: =IF(AND(E18>=DATE(+$C$5,6,1), (E18<=DATE(+$C$5,6,30))), +$C18,) -> 0 | Y18: =IF(AND(D18>=DATE(+$C$5,7,1), (D18<=DATE(+$C$5,7,31))), +$C18,) -> 0 | Z18: =IF(AND(E18>=DATE(+$C$5,7,1), (E18<=DATE(+$C$5,7,31))), +$C18,) -> 0 | AB18: =IF(AND(D18>=DATE(+$C$5,8,1), (D18<=DATE(+$C$5,8,31))), +$C18,) -> 0 | AC18: =IF(AND(E18>=DATE(+$C$5,8,1), (E18<=DATE(+$C$5,8,31))), +$C18,) -> 0 | AE18: =IF(AND(D18>=DATE(+$C$5,9,1), (D18<=DATE(+$C$5,9,30))), +$C18,) -> 0 | AF18: =IF(AND(E18>=DATE(+$C$5,9,1), (E18<=DATE(+$C$5,9,30))), +$C18,) -> 0 | AH18: =IF(AND(D18>=DATE(+$C$5,10,1), (D18<=DATE(+$C$5,10,31))), +$C18,) -> 0 | AI18: =IF(AND(E18>=DATE(+$C$5,10,1), (E18<=DATE(+$C$5,10,31))), +$C18,) -> 0 | AK18: =IF(AND(D18>=DATE(+$C$5,11,1), (D18<=DATE(+$C$5,11,30))), +$C18,) -> 0 | AL18: =IF(AND(E18>=DATE(+$C$5,11,1), (E18<=DATE(+$C$5,11,30))), +$C18,) -> 0 | AN18: =IF(AND(D18>=DATE(+$C$5,12,1), (D18<=DATE(+$C$5,12,31))), +$C18,) -> 0 | AO18: =IF(AND(E18>=DATE(+$C$5,12,1), (E18<=DATE(+$C$5,12,31))), +$C18,) -> 0
A19: =Inputs!C19 -> Christopher Mcdonnel | B19: =Inputs!B19 -> Bentley Systems | C19: =Inputs!J19 -> 25187.5 | D19: =Inputs!D19 -> 46153 | E19: =Inputs!F19 -> 0 | G19: =IF(AND(D19>=DATE(+$C$5,1,1), (D19<=DATE(+$C$5,1,31))), +$C19,) -> 0 | H19: =IF(AND(E19>=DATE(+$C$5,1,1), (E19<=DATE(+$C$5,1,31))), +$C19,) -> 0 | J19: =IF(AND(D19>=DATE(+$C$5,2,1), (D19<=DATE(+$C$5,2,28))), +$C19,) -> 0 | K19: =IF(AND(E19>=DATE(+$C$5,2,1), (E19<=DATE(+$C$5,2,29))), +$C19,) -> 0 | M19: =IF(AND(D19>=DATE(+$C$5,3,1), (D19<=DATE(+$C$5,3,31))), +$C19,) -> 0 | N19: =IF(AND(E19>=DATE(+$C$5,3,1), (E19<=DATE(+$C$5,3,31))), +$C19,) -> 0 | P19: =IF(AND(D19>=DATE(+$C$5,4,1), (D19<=DATE(+$C$5,4,30))), +$C19,) -> 0 | Q19: =IF(AND(E19>=DATE(+$C$5,4,1), (E19<=DATE(+$C$5,4,30))), +$C19,) -> 0 | S19: =IF(AND(D19>=DATE(+$C$5,5,1), (D19<=DATE(+$C$5,5,31))), +$C19,) -> 25187.5 | T19: =IF(AND(E19>=DATE(+$C$5,5,1), (E19<=DATE(+$C$5,5,31))), +$C19,) -> 0 | V19: =IF(AND(D19>=DATE(+$C$5,6,1), (D19<=DATE(+$C$5,6,30))), +$C19,) -> 0 | W19: =IF(AND(E19>=DATE(+$C$5,6,1), (E19<=DATE(+$C$5,6,30))), +$C19,) -> 0 | Y19: =IF(AND(D19>=DATE(+$C$5,7,1), (D19<=DATE(+$C$5,7,31))), +$C19,) -> 0 | Z19: =IF(AND(E19>=DATE(+$C$5,7,1), (E19<=DATE(+$C$5,7,31))), +$C19,) -> 0 | AB19: =IF(AND(D19>=DATE(+$C$5,8,1), (D19<=DATE(+$C$5,8,31))), +$C19,) -> 0 | AC19: =IF(AND(E19>=DATE(+$C$5,8,1), (E19<=DATE(+$C$5,8,31))), +$C19,) -> 0 | AE19: =IF(AND(D19>=DATE(+$C$5,9,1), (D19<=DATE(+$C$5,9,30))), +$C19,) -> 0 | AF19: =IF(AND(E19>=DATE(+$C$5,9,1), (E19<=DATE(+$C$5,9,30))), +$C19,) -> 0 | AH19: =IF(AND(D19>=DATE(+$C$5,10,1), (D19<=DATE(+$C$5,10,31))), +$C19,) -> 0 | AI19: =IF(AND(E19>=DATE(+$C$5,10,1), (E19<=DATE(+$C$5,10,31))), +$C19,) -> 0 | AK19: =IF(AND(D19>=DATE(+$C$5,11,1), (D19<=DATE(+$C$5,11,30))), +$C19,) -> 0 | AL19: =IF(AND(E19>=DATE(+$C$5,11,1), (E19<=DATE(+$C$5,11,30))), +$C19,) -> 0 | AN19: =IF(AND(D19>=DATE(+$C$5,12,1), (D19<=DATE(+$C$5,12,31))), +$C19,) -> 0 | AO19: =IF(AND(E19>=DATE(+$C$5,12,1), (E19<=DATE(+$C$5,12,31))), +$C19,) -> 0
A20: =Inputs!C20 -> Jessly Joseph | B20: =Inputs!B20 -> RPM | C20: =Inputs!J20 -> 18750 | D20: =Inputs!D20 -> 46153 | E20: =Inputs!F20 -> 0 | G20: =IF(AND(D20>=DATE(+$C$5,1,1), (D20<=DATE(+$C$5,1,31))), +$C20,) -> 0 | H20: =IF(AND(E20>=DATE(+$C$5,1,1), (E20<=DATE(+$C$5,1,31))), +$C20,) -> 0 | J20: =IF(AND(D20>=DATE(+$C$5,2,1), (D20<=DATE(+$C$5,2,28))), +$C20,) -> 0 | K20: =IF(AND(E20>=DATE(+$C$5,2,1), (E20<=DATE(+$C$5,2,29))), +$C20,) -> 0 | M20: =IF(AND(D20>=DATE(+$C$5,3,1), (D20<=DATE(+$C$5,3,31))), +$C20,) -> 0 | N20: =IF(AND(E20>=DATE(+$C$5,3,1), (E20<=DATE(+$C$5,3,31))), +$C20,) -> 0 | P20: =IF(AND(D20>=DATE(+$C$5,4,1), (D20<=DATE(+$C$5,4,30))), +$C20,) -> 0 | Q20: =IF(AND(E20>=DATE(+$C$5,4,1), (E20<=DATE(+$C$5,4,30))), +$C20,) -> 0 | S20: =IF(AND(D20>=DATE(+$C$5,5,1), (D20<=DATE(+$C$5,5,31))), +$C20,) -> 18750 | T20: =IF(AND(E20>=DATE(+$C$5,5,1), (E20<=DATE(+$C$5,5,31))), +$C20,) -> 0 | V20: =IF(AND(D20>=DATE(+$C$5,6,1), (D20<=DATE(+$C$5,6,30))), +$C20,) -> 0 | W20: =IF(AND(E20>=DATE(+$C$5,6,1), (E20<=DATE(+$C$5,6,30))), +$C20,) -> 0 | Y20: =IF(AND(D20>=DATE(+$C$5,7,1), (D20<=DATE(+$C$5,7,31))), +$C20,) -> 0 | Z20: =IF(AND(E20>=DATE(+$C$5,7,1), (E20<=DATE(+$C$5,7,31))), +$C20,) -> 0 | AB20: =IF(AND(D20>=DATE(+$C$5,8,1), (D20<=DATE(+$C$5,8,31))), +$C20,) -> 0 | AC20: =IF(AND(E20>=DATE(+$C$5,8,1), (E20<=DATE(+$C$5,8,31))), +$C20,) -> 0 | AE20: =IF(AND(D20>=DATE(+$C$5,9,1), (D20<=DATE(+$C$5,9,30))), +$C20,) -> 0 | AF20: =IF(AND(E20>=DATE(+$C$5,9,1), (E20<=DATE(+$C$5,9,30))), +$C20,) -> 0 | AH20: =IF(AND(D20>=DATE(+$C$5,10,1), (D20<=DATE(+$C$5,10,31))), +$C20,) -> 0 | AI20: =IF(AND(E20>=DATE(+$C$5,10,1), (E20<=DATE(+$C$5,10,31))), +$C20,) -> 0 | AK20: =IF(AND(D20>=DATE(+$C$5,11,1), (D20<=DATE(+$C$5,11,30))), +$C20,) -> 0 | AL20: =IF(AND(E20>=DATE(+$C$5,11,1), (E20<=DATE(+$C$5,11,30))), +$C20,) -> 0 | AN20: =IF(AND(D20>=DATE(+$C$5,12,1), (D20<=DATE(+$C$5,12,31))), +$C20,) -> 0 | AO20: =IF(AND(E20>=DATE(+$C$5,12,1), (E20<=DATE(+$C$5,12,31))), +$C20,) -> 0
A21: =Inputs!C21 -> Luke Nuneviller | B21: =Inputs!B21 -> AAMCO | C21: =Inputs!J21 -> 9500 | D21: =Inputs!D21 -> 46181 | E21: =Inputs!F21 -> 0 | G21: =IF(AND(D21>=DATE(+$C$5,1,1), (D21<=DATE(+$C$5,1,31))), +$C21,) -> 0 | H21: =IF(AND(E21>=DATE(+$C$5,1,1), (E21<=DATE(+$C$5,1,31))), +$C21,) -> 0 | J21: =IF(AND(D21>=DATE(+$C$5,2,1), (D21<=DATE(+$C$5,2,28))), +$C21,) -> 0 | K21: =IF(AND(E21>=DATE(+$C$5,2,1), (E21<=DATE(+$C$5,2,29))), +$C21,) -> 0 | M21: =IF(AND(D21>=DATE(+$C$5,3,1), (D21<=DATE(+$C$5,3,31))), +$C21,) -> 0 | N21: =IF(AND(E21>=DATE(+$C$5,3,1), (E21<=DATE(+$C$5,3,31))), +$C21,) -> 0 | P21: =IF(AND(D21>=DATE(+$C$5,4,1), (D21<=DATE(+$C$5,4,30))), +$C21,) -> 0 | Q21: =IF(AND(E21>=DATE(+$C$5,4,1), (E21<=DATE(+$C$5,4,30))), +$C21,) -> 0 | S21: =IF(AND(D21>=DATE(+$C$5,5,1), (D21<=DATE(+$C$5,5,31))), +$C21,) -> 0 | T21: =IF(AND(E21>=DATE(+$C$5,5,1), (E21<=DATE(+$C$5,5,31))), +$C21,) -> 0 | V21: =IF(AND(D21>=DATE(+$C$5,6,1), (D21<=DATE(+$C$5,6,30))), +$C21,) -> 9500 | W21: =IF(AND(E21>=DATE(+$C$5,6,1), (E21<=DATE(+$C$5,6,30))), +$C21,) -> 0 | Y21: =IF(AND(D21>=DATE(+$C$5,7,1), (D21<=DATE(+$C$5,7,31))), +$C21,) -> 0 | Z21: =IF(AND(E21>=DATE(+$C$5,7,1), (E21<=DATE(+$C$5,7,31))), +$C21,) -> 0 | AB21: =IF(AND(D21>=DATE(+$C$5,8,1), (D21<=DATE(+$C$5,8,31))), +$C21,) -> 0 | AC21: =IF(AND(E21>=DATE(+$C$5,8,1), (E21<=DATE(+$C$5,8,31))), +$C21,) -> 0 | AE21: =IF(AND(D21>=DATE(+$C$5,9,1), (D21<=DATE(+$C$5,9,30))), +$C21,) -> 0 | AF21: =IF(AND(E21>=DATE(+$C$5,9,1), (E21<=DATE(+$C$5,9,30))), +$C21,) -> 0 | AH21: =IF(AND(D21>=DATE(+$C$5,10,1), (D21<=DATE(+$C$5,10,31))), +$C21,) -> 0 | AI21: =IF(AND(E21>=DATE(+$C$5,10,1), (E21<=DATE(+$C$5,10,31))), +$C21,) -> 0 | AK21: =IF(AND(D21>=DATE(+$C$5,11,1), (D21<=DATE(+$C$5,11,30))), +$C21,) -> 0 | AL21: =IF(AND(E21>=DATE(+$C$5,11,1), (E21<=DATE(+$C$5,11,30))), +$C21,) -> 0 | AN21: =IF(AND(D21>=DATE(+$C$5,12,1), (D21<=DATE(+$C$5,12,31))), +$C21,) -> 0 | AO21: =IF(AND(E21>=DATE(+$C$5,12,1), (E21<=DATE(+$C$5,12,31))), +$C21,) -> 0
A22: =Inputs!C22 -> 0 | B22: =Inputs!B22 -> 0 | C22: =Inputs!J22 -> 0 | D22: =Inputs!D22 -> 0 | E22: =Inputs!F22 -> 0 | G22: =IF(AND(D22>=DATE(+$C$5,1,1), (D22<=DATE(+$C$5,1,31))), +$C22,) -> 0 | H22: =IF(AND(E22>=DATE(+$C$5,1,1), (E22<=DATE(+$C$5,1,31))), +$C22,) -> 0 | J22: =IF(AND(D22>=DATE(+$C$5,2,1), (D22<=DATE(+$C$5,2,28))), +$C22,) -> 0 | K22: =IF(AND(E22>=DATE(+$C$5,2,1), (E22<=DATE(+$C$5,2,29))), +$C22,) -> 0 | M22: =IF(AND(D22>=DATE(+$C$5,3,1), (D22<=DATE(+$C$5,3,31))), +$C22,) -> 0 | N22: =IF(AND(E22>=DATE(+$C$5,3,1), (E22<=DATE(+$C$5,3,31))), +$C22,) -> 0 | P22: =IF(AND(D22>=DATE(+$C$5,4,1), (D22<=DATE(+$C$5,4,30))), +$C22,) -> 0 | Q22: =IF(AND(E22>=DATE(+$C$5,4,1), (E22<=DATE(+$C$5,4,30))), +$C22,) -> 0 | S22: =IF(AND(D22>=DATE(+$C$5,5,1), (D22<=DATE(+$C$5,5,31))), +$C22,) -> 0 | T22: =IF(AND(E22>=DATE(+$C$5,5,1), (E22<=DATE(+$C$5,5,31))), +$C22,) -> 0 | V22: =IF(AND(D22>=DATE(+$C$5,6,1), (D22<=DATE(+$C$5,6,30))), +$C22,) -> 0 | W22: =IF(AND(E22>=DATE(+$C$5,6,1), (E22<=DATE(+$C$5,6,30))), +$C22,) -> 0 | Y22: =IF(AND(D22>=DATE(+$C$5,7,1), (D22<=DATE(+$C$5,7,31))), +$C22,) -> 0 | Z22: =IF(AND(E22>=DATE(+$C$5,7,1), (E22<=DATE(+$C$5,7,31))), +$C22,) -> 0 | AB22: =IF(AND(D22>=DATE(+$C$5,8,1), (D22<=DATE(+$C$5,8,31))), +$C22,) -> 0 | AC22: =IF(AND(E22>=DATE(+$C$5,8,1), (E22<=DATE(+$C$5,8,31))), +$C22,) -> 0 | AE22: =IF(AND(D22>=DATE(+$C$5,9,1), (D22<=DATE(+$C$5,9,30))), +$C22,) -> 0 | AF22: =IF(AND(E22>=DATE(+$C$5,9,1), (E22<=DATE(+$C$5,9,30))), +$C22,) -> 0 | AH22: =IF(AND(D22>=DATE(+$C$5,10,1), (D22<=DATE(+$C$5,10,31))), +$C22,) -> 0 | AI22: =IF(AND(E22>=DATE(+$C$5,10,1), (E22<=DATE(+$C$5,10,31))), +$C22,) -> 0 | AK22: =IF(AND(D22>=DATE(+$C$5,11,1), (D22<=DATE(+$C$5,11,30))), +$C22,) -> 0 | AL22: =IF(AND(E22>=DATE(+$C$5,11,1), (E22<=DATE(+$C$5,11,30))), +$C22,) -> 0 | AN22: =IF(AND(D22>=DATE(+$C$5,12,1), (D22<=DATE(+$C$5,12,31))), +$C22,) -> 0 | AO22: =IF(AND(E22>=DATE(+$C$5,12,1), (E22<=DATE(+$C$5,12,31))), +$C22,) -> 0
A23: =Inputs!C23 -> 0 | B23: =Inputs!B23 -> 0 | C23: =Inputs!J23 -> 0 | D23: =Inputs!D23 -> 0 | E23: =Inputs!F23 -> 0 | G23: =IF(AND(D23>=DATE(+$C$5,1,1), (D23<=DATE(+$C$5,1,31))), +$C23,) -> 0 | H23: =IF(AND(E23>=DATE(+$C$5,1,1), (E23<=DATE(+$C$5,1,31))), +$C23,) -> 0 | J23: =IF(AND(D23>=DATE(+$C$5,2,1), (D23<=DATE(+$C$5,2,28))), +$C23,) -> 0 | K23: =IF(AND(E23>=DATE(+$C$5,2,1), (E23<=DATE(+$C$5,2,29))), +$C23,) -> 0 | M23: =IF(AND(D23>=DATE(+$C$5,3,1), (D23<=DATE(+$C$5,3,31))), +$C23,) -> 0 | N23: =IF(AND(E23>=DATE(+$C$5,3,1), (E23<=DATE(+$C$5,3,31))), +$C23,) -> 0 | P23: =IF(AND(D23>=DATE(+$C$5,4,1), (D23<=DATE(+$C$5,4,30))), +$C23,) -> 0 | Q23: =IF(AND(E23>=DATE(+$C$5,4,1), (E23<=DATE(+$C$5,4,30))), +$C23,) -> 0 | S23: =IF(AND(D23>=DATE(+$C$5,5,1), (D23<=DATE(+$C$5,5,31))), +$C23,) -> 0 | T23: =IF(AND(E23>=DATE(+$C$5,5,1), (E23<=DATE(+$C$5,5,31))), +$C23,) -> 0 | V23: =IF(AND(D23>=DATE(+$C$5,6,1), (D23<=DATE(+$C$5,6,30))), +$C23,) -> 0 | W23: =IF(AND(E23>=DATE(+$C$5,6,1), (E23<=DATE(+$C$5,6,30))), +$C23,) -> 0 | Y23: =IF(AND(D23>=DATE(+$C$5,7,1), (D23<=DATE(+$C$5,7,31))), +$C23,) -> 0 | Z23: =IF(AND(E23>=DATE(+$C$5,7,1), (E23<=DATE(+$C$5,7,31))), +$C23,) -> 0 | AB23: =IF(AND(D23>=DATE(+$C$5,8,1), (D23<=DATE(+$C$5,8,31))), +$C23,) -> 0 | AC23: =IF(AND(E23>=DATE(+$C$5,8,1), (E23<=DATE(+$C$5,8,31))), +$C23,) -> 0 | AE23: =IF(AND(D23>=DATE(+$C$5,9,1), (D23<=DATE(+$C$5,9,30))), +$C23,) -> 0 | AF23: =IF(AND(E23>=DATE(+$C$5,9,1), (E23<=DATE(+$C$5,9,30))), +$C23,) -> 0 | AH23: =IF(AND(D23>=DATE(+$C$5,10,1), (D23<=DATE(+$C$5,10,31))), +$C23,) -> 0 | AI23: =IF(AND(E23>=DATE(+$C$5,10,1), (E23<=DATE(+$C$5,10,31))), +$C23,) -> 0 | AK23: =IF(AND(D23>=DATE(+$C$5,11,1), (D23<=DATE(+$C$5,11,30))), +$C23,) -> 0 | AL23: =IF(AND(E23>=DATE(+$C$5,11,1), (E23<=DATE(+$C$5,11,30))), +$C23,) -> 0 | AN23: =IF(AND(D23>=DATE(+$C$5,12,1), (D23<=DATE(+$C$5,12,31))), +$C23,) -> 0 | AO23: =IF(AND(E23>=DATE(+$C$5,12,1), (E23<=DATE(+$C$5,12,31))), +$C23,) -> 0
A24: =Inputs!C24 -> 0 | B24: =Inputs!B24 -> 0 | C24: =Inputs!J24 -> 0 | D24: =Inputs!D24 -> 0 | E24: =Inputs!F24 -> 0 | G24: =IF(AND(D24>=DATE(+$C$5,1,1), (D24<=DATE(+$C$5,1,31))), +$C24,) -> 0 | H24: =IF(AND(E24>=DATE(+$C$5,1,1), (E24<=DATE(+$C$5,1,31))), +$C24,) -> 0 | J24: =IF(AND(D24>=DATE(+$C$5,2,1), (D24<=DATE(+$C$5,2,28))), +$C24,) -> 0 | K24: =IF(AND(E24>=DATE(+$C$5,2,1), (E24<=DATE(+$C$5,2,29))), +$C24,) -> 0 | M24: =IF(AND(D24>=DATE(+$C$5,3,1), (D24<=DATE(+$C$5,3,31))), +$C24,) -> 0 | N24: =IF(AND(E24>=DATE(+$C$5,3,1), (E24<=DATE(+$C$5,3,31))), +$C24,) -> 0 | P24: =IF(AND(D24>=DATE(+$C$5,4,1), (D24<=DATE(+$C$5,4,30))), +$C24,) -> 0 | Q24: =IF(AND(E24>=DATE(+$C$5,4,1), (E24<=DATE(+$C$5,4,30))), +$C24,) -> 0 | S24: =IF(AND(D24>=DATE(+$C$5,5,1), (D24<=DATE(+$C$5,5,31))), +$C24,) -> 0 | T24: =IF(AND(E24>=DATE(+$C$5,5,1), (E24<=DATE(+$C$5,5,31))), +$C24,) -> 0 | V24: =IF(AND(D24>=DATE(+$C$5,6,1), (D24<=DATE(+$C$5,6,30))), +$C24,) -> 0 | W24: =IF(AND(E24>=DATE(+$C$5,6,1), (E24<=DATE(+$C$5,6,30))), +$C24,) -> 0 | Y24: =IF(AND(D24>=DATE(+$C$5,7,1), (D24<=DATE(+$C$5,7,31))), +$C24,) -> 0 | Z24: =IF(AND(E24>=DATE(+$C$5,7,1), (E24<=DATE(+$C$5,7,31))), +$C24,) -> 0 | AB24: =IF(AND(D24>=DATE(+$C$5,8,1), (D24<=DATE(+$C$5,8,31))), +$C24,) -> 0 | AC24: =IF(AND(E24>=DATE(+$C$5,8,1), (E24<=DATE(+$C$5,8,31))), +$C24,) -> 0 | AE24: =IF(AND(D24>=DATE(+$C$5,9,1), (D24<=DATE(+$C$5,9,30))), +$C24,) -> 0 | AF24: =IF(AND(E24>=DATE(+$C$5,9,1), (E24<=DATE(+$C$5,9,30))), +$C24,) -> 0 | AH24: =IF(AND(D24>=DATE(+$C$5,10,1), (D24<=DATE(+$C$5,10,31))), +$C24,) -> 0 | AI24: =IF(AND(E24>=DATE(+$C$5,10,1), (E24<=DATE(+$C$5,10,31))), +$C24,) -> 0 | AK24: =IF(AND(D24>=DATE(+$C$5,11,1), (D24<=DATE(+$C$5,11,30))), +$C24,) -> 0 | AL24: =IF(AND(E24>=DATE(+$C$5,11,1), (E24<=DATE(+$C$5,11,30))), +$C24,) -> 0 | AN24: =IF(AND(D24>=DATE(+$C$5,12,1), (D24<=DATE(+$C$5,12,31))), +$C24,) -> 0 | AO24: =IF(AND(E24>=DATE(+$C$5,12,1), (E24<=DATE(+$C$5,12,31))), +$C24,) -> 0
A25: =Inputs!C25 -> 0 | B25: =Inputs!B25 -> 0 | C25: =Inputs!J25 -> 0 | D25: =Inputs!D25 -> 0 | E25: =Inputs!F25 -> 0 | G25: =IF(AND(D25>=DATE(+$C$5,1,1), (D25<=DATE(+$C$5,1,31))), +$C25,) -> 0 | H25: =IF(AND(E25>=DATE(+$C$5,1,1), (E25<=DATE(+$C$5,1,31))), +$C25,) -> 0 | J25: =IF(AND(D25>=DATE(+$C$5,2,1), (D25<=DATE(+$C$5,2,28))), +$C25,) -> 0 | K25: =IF(AND(E25>=DATE(+$C$5,2,1), (E25<=DATE(+$C$5,2,29))), +$C25,) -> 0 | M25: =IF(AND(D25>=DATE(+$C$5,3,1), (D25<=DATE(+$C$5,3,31))), +$C25,) -> 0 | N25: =IF(AND(E25>=DATE(+$C$5,3,1), (E25<=DATE(+$C$5,3,31))), +$C25,) -> 0 | P25: =IF(AND(D25>=DATE(+$C$5,4,1), (D25<=DATE(+$C$5,4,30))), +$C25,) -> 0 | Q25: =IF(AND(E25>=DATE(+$C$5,4,1), (E25<=DATE(+$C$5,4,30))), +$C25,) -> 0 | S25: =IF(AND(D25>=DATE(+$C$5,5,1), (D25<=DATE(+$C$5,5,31))), +$C25,) -> 0 | T25: =IF(AND(E25>=DATE(+$C$5,5,1), (E25<=DATE(+$C$5,5,31))), +$C25,) -> 0 | V25: =IF(AND(D25>=DATE(+$C$5,6,1), (D25<=DATE(+$C$5,6,30))), +$C25,) -> 0 | W25: =IF(AND(E25>=DATE(+$C$5,6,1), (E25<=DATE(+$C$5,6,30))), +$C25,) -> 0 | Y25: =IF(AND(D25>=DATE(+$C$5,7,1), (D25<=DATE(+$C$5,7,31))), +$C25,) -> 0 | Z25: =IF(AND(E25>=DATE(+$C$5,7,1), (E25<=DATE(+$C$5,7,31))), +$C25,) -> 0 | AB25: =IF(AND(D25>=DATE(+$C$5,8,1), (D25<=DATE(+$C$5,8,31))), +$C25,) -> 0 | AC25: =IF(AND(E25>=DATE(+$C$5,8,1), (E25<=DATE(+$C$5,8,31))), +$C25,) -> 0 | AE25: =IF(AND(D25>=DATE(+$C$5,9,1), (D25<=DATE(+$C$5,9,30))), +$C25,) -> 0 | AF25: =IF(AND(E25>=DATE(+$C$5,9,1), (E25<=DATE(+$C$5,9,30))), +$C25,) -> 0 | AH25: =IF(AND(D25>=DATE(+$C$5,10,1), (D25<=DATE(+$C$5,10,31))), +$C25,) -> 0 | AI25: =IF(AND(E25>=DATE(+$C$5,10,1), (E25<=DATE(+$C$5,10,31))), +$C25,) -> 0 | AK25: =IF(AND(D25>=DATE(+$C$5,11,1), (D25<=DATE(+$C$5,11,30))), +$C25,) -> 0 | AL25: =IF(AND(E25>=DATE(+$C$5,11,1), (E25<=DATE(+$C$5,11,30))), +$C25,) -> 0 | AN25: =IF(AND(D25>=DATE(+$C$5,12,1), (D25<=DATE(+$C$5,12,31))), +$C25,) -> 0 | AO25: =IF(AND(E25>=DATE(+$C$5,12,1), (E25<=DATE(+$C$5,12,31))), +$C25,) -> 0
A26: =Inputs!C26 -> 0 | B26: =Inputs!B26 -> 0 | C26: =Inputs!J26 -> 0 | D26: =Inputs!D26 -> 0 | E26: =Inputs!F26 -> 0 | G26: =IF(AND(D26>=DATE(+$C$5,1,1), (D26<=DATE(+$C$5,1,31))), +$C26,) -> 0 | H26: =IF(AND(E26>=DATE(+$C$5,1,1), (E26<=DATE(+$C$5,1,31))), +$C26,) -> 0 | J26: =IF(AND(D26>=DATE(+$C$5,2,1), (D26<=DATE(+$C$5,2,28))), +$C26,) -> 0 | K26: =IF(AND(E26>=DATE(+$C$5,2,1), (E26<=DATE(+$C$5,2,29))), +$C26,) -> 0 | M26: =IF(AND(D26>=DATE(+$C$5,3,1), (D26<=DATE(+$C$5,3,31))), +$C26,) -> 0 | N26: =IF(AND(E26>=DATE(+$C$5,3,1), (E26<=DATE(+$C$5,3,31))), +$C26,) -> 0 | P26: =IF(AND(D26>=DATE(+$C$5,4,1), (D26<=DATE(+$C$5,4,30))), +$C26,) -> 0 | Q26: =IF(AND(E26>=DATE(+$C$5,4,1), (E26<=DATE(+$C$5,4,30))), +$C26,) -> 0 | S26: =IF(AND(D26>=DATE(+$C$5,5,1), (D26<=DATE(+$C$5,5,31))), +$C26,) -> 0 | T26: =IF(AND(E26>=DATE(+$C$5,5,1), (E26<=DATE(+$C$5,5,31))), +$C26,) -> 0 | V26: =IF(AND(D26>=DATE(+$C$5,6,1), (D26<=DATE(+$C$5,6,30))), +$C26,) -> 0 | W26: =IF(AND(E26>=DATE(+$C$5,6,1), (E26<=DATE(+$C$5,6,30))), +$C26,) -> 0 | Y26: =IF(AND(D26>=DATE(+$C$5,7,1), (D26<=DATE(+$C$5,7,31))), +$C26,) -> 0 | Z26: =IF(AND(E26>=DATE(+$C$5,7,1), (E26<=DATE(+$C$5,7,31))), +$C26,) -> 0 | AB26: =IF(AND(D26>=DATE(+$C$5,8,1), (D26<=DATE(+$C$5,8,31))), +$C26,) -> 0 | AC26: =IF(AND(E26>=DATE(+$C$5,8,1), (E26<=DATE(+$C$5,8,31))), +$C26,) -> 0 | AE26: =IF(AND(D26>=DATE(+$C$5,9,1), (D26<=DATE(+$C$5,9,30))), +$C26,) -> 0 | AF26: =IF(AND(E26>=DATE(+$C$5,9,1), (E26<=DATE(+$C$5,9,30))), +$C26,) -> 0 | AH26: =IF(AND(D26>=DATE(+$C$5,10,1), (D26<=DATE(+$C$5,10,31))), +$C26,) -> 0 | AI26: =IF(AND(E26>=DATE(+$C$5,10,1), (E26<=DATE(+$C$5,10,31))), +$C26,) -> 0 | AK26: =IF(AND(D26>=DATE(+$C$5,11,1), (D26<=DATE(+$C$5,11,30))), +$C26,) -> 0 | AL26: =IF(AND(E26>=DATE(+$C$5,11,1), (E26<=DATE(+$C$5,11,30))), +$C26,) -> 0 | AN26: =IF(AND(D26>=DATE(+$C$5,12,1), (D26<=DATE(+$C$5,12,31))), +$C26,) -> 0 | AO26: =IF(AND(E26>=DATE(+$C$5,12,1), (E26<=DATE(+$C$5,12,31))), +$C26,) -> 0
... A77: =Inputs!C77 -> 0 | B77: =Inputs!B77 -> 0 | C77: =Inputs!J77 -> 0 | D77: =Inputs!D77 -> 0 | E77: =Inputs!F77 -> 0 | G77: =IF(AND(D77>=DATE(+$C$5,1,1), (D77<=DATE(+$C$5,1,31))), +$C77,) -> 0 | H77: =IF(AND(E77>=DATE(+$C$5,1,1), (E77<=DATE(+$C$5,1,31))), +$C77,) -> 0 | J77: =IF(AND(D77>=DATE(+$C$5,2,1), (D77<=DATE(+$C$5,2,28))), +$C77,) -> 0 | K77: =IF(AND(E77>=DATE(+$C$5,2,1), (E77<=DATE(+$C$5,2,29))), +$C77,) -> 0 | M77: =IF(AND(D77>=DATE(+$C$5,3,1), (D77<=DATE(+$C$5,3,31))), +$C77,) -> 0 | N77: =IF(AND(E77>=DATE(+$C$5,3,1), (E77<=DATE(+$C$5,3,31))), +$C77,) -> 0 | P77: =IF(AND(D77>=DATE(+$C$5,4,1), (D77<=DATE(+$C$5,4,30))), +$C77,) -> 0 | Q77: =IF(AND(E77>=DATE(+$C$5,4,1), (E77<=DATE(+$C$5,4,30))), +$C77,) -> 0 | S77: =IF(AND(D77>=DATE(+$C$5,5,1), (D77<=DATE(+$C$5,5,31))), +$C77,) -> 0 | T77: =IF(AND(E77>=DATE(+$C$5,5,1), (E77<=DATE(+$C$5,5,31))), +$C77,) -> 0 | V77: =IF(AND(D77>=DATE(+$C$5,6,1), (D77<=DATE(+$C$5,6,30))), +$C77,) -> 0 | W77: =IF(AND(E77>=DATE(+$C$5,6,1), (E77<=DATE(+$C$5,6,30))), +$C77,) -> 0 | Y77: =IF(AND(D77>=DATE(+$C$5,7,1), (D77<=DATE(+$C$5,7,31))), +$C77,) -> 0 | Z77: =IF(AND(E77>=DATE(+$C$5,7,1), (E77<=DATE(+$C$5,7,31))), +$C77,) -> 0 | AB77: =IF(AND(D77>=DATE(+$C$5,8,1), (D77<=DATE(+$C$5,8,31))), +$C77,) -> 0 | AC77: =IF(AND(E77>=DATE(+$C$5,8,1), (E77<=DATE(+$C$5,8,31))), +$C77,) -> 0 | AE77: =IF(AND(D77>=DATE(+$C$5,9,1), (D77<=DATE(+$C$5,9,30))), +$C77,) -> 0 | AF77: =IF(AND(E77>=DATE(+$C$5,9,1), (E77<=DATE(+$C$5,9,30))), +$C77,) -> 0 | AH77: =IF(AND(D77>=DATE(+$C$5,10,1), (D77<=DATE(+$C$5,10,31))), +$C77,) -> 0 | AI77: =IF(AND(E77>=DATE(+$C$5,10,1), (E77<=DATE(+$C$5,10,31))), +$C77,) -> 0 | AK77: =IF(AND(D77>=DATE(+$C$5,11,1), (D77<=DATE(+$C$5,11,30))), +$C77,) -> 0 | AL77: =IF(AND(E77>=DATE(+$C$5,11,1), (E77<=DATE(+$C$5,11,30))), +$C77,) -> 0 | AN77: =IF(AND(D77>=DATE(+$C$5,12,1), (D77<=DATE(+$C$5,12,31))), +$C77,) -> 0 | AO77: =IF(AND(E77>=DATE(+$C$5,12,1), (E77<=DATE(+$C$5,12,31))), +$C77,) -> 0
A78: MONTH | F78: MONTH | G78: =SUM(G15:G77) -> 14625 | H78: =SUM(H15:H77) -> 14625 | J78: =SUM(J15:J77) -> 8425 | K78: =SUM(K15:K77) -> 8425 | M78: =SUM(M15:M77) -> 20718.75 | N78: =SUM(N15:N77) -> 0 | P78: =SUM(P15:P77) -> 0 | Q78: =SUM(Q15:Q77) -> 0 | S78: =SUM(S15:S77) -> 43937.5 | T78: =SUM(T15:T77) -> 20718.75 | V78: =SUM(V15:V77) -> 9500 | W78: =SUM(W15:W77) -> 0 | Y78: =SUM(Y15:Y77) -> 0 | Z78: =SUM(Z15:Z77) -> 0 | AB78: =SUM(AB15:AB77) -> 0 | AC78: =SUM(AC15:AC77) -> 0 | AE78: =SUM(AE15:AE77) -> 0 | AF78: =SUM(AF15:AF77) -> 0 | AH78: =SUM(AH15:AH77) -> 0 | AI78: =SUM(AI15:AI77) -> 0 | AK78: =SUM(AK15:AK77) -> 0 | AL78: =SUM(AL15:AL77) -> 0 | AN78: =SUM(AN15:AN77) -> 0 | AO78: =SUM(AO15:AO77) -> 0
A79: PRIOR MONTH | F79: PRIOR MONTH YTD | G79: 0 | H79: 0 | J79: =G81 -> 14625 | K79: =+H81 -> 14625 | M79: =+J81 -> 23050 | N79: =+K81 -> 23050 | P79: =+M81 -> 43768.75 | Q79: =+N81 -> 23050 | S79: =+P81 -> 43768.75 | T79: =+Q81 -> 23050 | V79: =+S81 -> 87706.25 | W79: =+T81 -> 43768.75 | Y79: =+V81 -> 97206.25 | Z79: =+W81 -> 43768.75 | AB79: =+Y81 -> 97206.25 | AC79: =+Z81 -> 43768.75 | AE79: =+AB81 -> 97206.25 | AF79: =+AC81 -> 43768.75 | AH79: =+AE81 -> 97206.25 | AI79: =+AF81 -> 43768.75 | AK79: =+AH81 -> 97206.25 | AL79: =+AI81 -> 43768.75 | AN79: =+AK81 -> 97206.25 | AO79: =+AL81 -> 43768.75
A81: NEW YTD | F81: NEW YTD | G81: =SUM(G78:G79) -> 14625 | H81: =SUM(H78:H79) -> 14625 | J81: =SUM(J78:J79) -> 23050 | K81: =SUM(K78:K79) -> 23050 | M81: =SUM(M78:M79) -> 43768.75 | N81: =SUM(N78:N79) -> 23050 | P81: =SUM(P78:P79) -> 43768.75 | Q81: =SUM(Q78:Q79) -> 23050 | S81: =SUM(S78:S79) -> 87706.25 | T81: =SUM(T78:T79) -> 43768.75 | V81: =SUM(V78:V79) -> 97206.25 | W81: =SUM(W78:W79) -> 43768.75 | Y81: =SUM(Y78:Y79) -> 97206.25 | Z81: =SUM(Z78:Z79) -> 43768.75 | AB81: =SUM(AB78:AB79) -> 97206.25 | AC81: =SUM(AC78:AC79) -> 43768.75 | AE81: =SUM(AE78:AE79) -> 97206.25 | AF81: =SUM(AF78:AF79) -> 43768.75 | AH81: =SUM(AH78:AH79) -> 97206.25 | AI81: =SUM(AI78:AI79) -> 43768.75 | AK81: =SUM(AK78:AK79) -> 97206.25 | AL81: =SUM(AL78:AL79) -> 43768.75 | AN81: =SUM(AN78:AN79) -> 97206.25 | AO81: =SUM(AO78:AO79) -> 43768.75
B82: `

Sheet DH Comm Calc
B2: =Inputs!B2 -> Recruiter Name: | C2: =Inputs!C2 -> Vince Brindisi
B3: =Inputs!B3 -> Initials: | C3: =Inputs!C3 -> VB
B4: =Inputs!B4 -> Draw Balance: | C4: =Inputs!C4 -> -25297.93
B5: =Inputs!B5 -> Current Year: | C5: =Inputs!C5 -> 2026
B6: =Inputs!B6 -> Prior Year | C6: =Inputs!C6 -> 2025
B7: =Inputs!B7 -> Plan: | C7: =Inputs!C7 -> DH Recruiter
B8: =Inputs!B8 -> YTD Direct Hire Billings: | C8: =Inputs!C8 -> 97206.25
B9: =Inputs!B10 -> YTD Staffing GM: | C9: =Inputs!C10 -> 19028
B10: =Inputs!B11 -> YTD Cash-In: | C10: =Inputs!C11 -> 43768.75
B11: =Inputs!B12 -> YTD Commissions Earned: | C11: =Inputs!C12 -> 25118.7
E13: Total
C14: Total | D14: Commision | E14: Commis | F14: Draw | G14: Commis
A15: Month | B15: Monthly Cash In | C15: Cash-In YTD | D15: Rate | E15: Earned | F15: Recovery | G15: Paid
A16: January | B16: =+Totals!H81 -> 14625 | C16: =B16 -> 14625 | D16: 0.4 | E16: =+B16*D16 -> 5850 | F16: =+'Payroll Rec'!E36-'Staffing Comm Calc'!F16 -> -5850 | G16: =+E16+F16 -> 0
A17: February | B17: =Totals!K$78 -> 8425 | C17: =C16+B17 -> 23050 | D17: 0.4 | E17: =+B17*D17 -> 3370 | F17: =+'Payroll Rec'!G36-'Staffing Comm Calc'!F17 -> -3370 | G17: =+E17+F17 -> 0
A18: March | B18: =Totals!N$78 -> 0 | C18: =C17+B18 -> 23050 | D18: 0.4 | E18: =+B18*D18 -> 0 | F18: ='Payroll Rec'!I36-'Staffing Comm Calc'!F18 -> 0 | G18: =+E18+F18 -> 0
A19: April | B19: =Totals!Q$78 -> 0 | C19: =C18+B19 -> 23050 | D19: 0.4 | E19: =+B19*D19 -> 0 | F19: =+'Payroll Rec'!K36-'Staffing Comm Calc'!F19 -> 0 | G19: =+E19+F19 -> 0
A20: May | B20: =Totals!T$78 -> 20718.75 | C20: =C19+B20 -> 43768.75 | D20: 0.4 | E20: =+B20*D20 -> 8287.5 | F20: =+'Payroll Rec'!M36-'Staffing Comm Calc'!F20 -> -8287.5 | G20: =+E20+F20 -> 0
A21: June | B21: =Totals!W$78 -> 0 | C21: =C20+B21 -> 43768.75 | D21: 0.4 | E21: =+B21*D21 -> 0 | G21: =+E21+F21 -> 0
A22: July | B22: =Totals!Z$78 -> 0 | C22: =C21+B22 -> 43768.75 | D22: 0.4 | E22: =+B22*D22 -> 0 | F22: =+'Payroll Rec'!Q36-'Staffing Comm Calc'!F22 -> 0 | G22: =+E22+F22 -> 0
A23: August | B23: =Totals!AC$78 -> 0 | C23: =C22+B23 -> 43768.75 | D23: 0.4 | E23: =+B23*D23 -> 0 | F23: ='Payroll Rec'!S36-'Staffing Comm Calc'!F23 -> 0 | G23: =+E23+F23 -> 0
A24: September | B24: =Totals!AF$78 -> 0 | C24: =C23+B24 -> 43768.75 | D24: 0.4 | E24: =+B24*D24 -> 0 | F24: =+'Payroll Rec'!U36+-'Staffing Comm Calc'!F24 -> 0 | G24: =+E24+F24 -> 0
A25: October | B25: =Totals!AI$78 -> 0 | C25: =C24+B25 -> 43768.75 | D25: 0.4 | E25: =+B25*D25 -> 0 | F25: =+'Payroll Rec'!W36-'Staffing Comm Calc'!F25 -> 0 | G25: =+E25+F25 -> 0
A26: November | B26: =Totals!AL$78 -> 0 | C26: =C25+B26 -> 43768.75 | D26: 0.4 | E26: =+B26*D26 -> 0 | G26: =+E26+F26 -> 0
A27: December | B27: =Totals!AO$78 -> 0 | C27: =C26+B27 -> 43768.75 | D27: 0.4 | E27: =+B27*D27 -> 0 | G27: =+E27+F27 -> 0
A28: TOTALS | B28: =SUM(B16:B27) -> 43768.75 | E28: =SUM(E16:E27) -> 17507.5 | F28: Total DH Commission Earned | G28: =SUM(G16:G27) -> 0

Sheet Staffing Comm Calc
B2: =Inputs!B2 -> Recruiter Name: | C2: =Inputs!C2 -> Vince Brindisi
B3: =Inputs!B3 -> Initials: | C3: =Inputs!C3 -> VB
B4: =Inputs!B4 -> Draw Balance: | C4: =+Inputs!C4 -> -25297.93
B5: =Inputs!B5 -> Current Year: | C5: =Inputs!C5 -> 2026
B6: =Inputs!B6 -> Prior Year | C6: =Inputs!C6 -> 2025
B7: =Inputs!B7 -> Plan: | C7: =Inputs!C7 -> DH Recruiter
B8: =Inputs!B8 -> YTD Direct Hire Billings: | C8: =Inputs!C8 -> 97206.25
B9: =Inputs!B10 -> YTD Staffing GM: | C9: =Inputs!C10 -> 19028
B10: =Inputs!B11 -> YTD Cash-In: | C10: =Inputs!C11 -> 43768.75
B11: =Inputs!B12 -> YTD Commissions Earned: | C11: =Inputs!C12 -> 25118.7
E13: Total
D14: Commision | E14: Commish | F14: Draw | G14: Commis
A15: Month | B15: Monthly Staffing GM | C15: Monthly Staffing GM | D15: Rate | E15: Earned | F15: Recovery | G15: Paid
A16: January | B16: 3180 | C16: =B16 -> 3180 | D16: 0.4 | E16: =+C16*D16 -> 1272 | F16: =-E16 -> -1272 | G16: =+E16+F16 -> 0
A17: February | B17: =848+I33 -> 15848 | C17: =B17 -> 15848 | D17: 0.4 | E17: =+C17*D17 -> 6339.2 | F17: =-E17 -> -6339.2 | G17: =+E17+F17 -> 0
A18: March | B18: 0 | C18: =B18 -> 0 | D18: 0.4 | E18: =+C18*D18 -> 0 | F18: =-E18 -> 0 | G18: =+E18+F18 -> 0
A19: April | B19: 0 | C19: =B19 -> 0 | D19: 0.4 | E19: =+C19*D19 -> 0 | F19: =-E19 -> 0 | G19: =+E19+F19 -> 0
A20: May | C20: =B20 -> 0 | D20: 0.4 | E20: =+C20*D20 -> 0 | F20: =-E20 -> 0 | G20: =+E20+F20 -> 0
A21: June | C21: =B21 -> 0 | D21: 0.4 | E21: =+C21*D21 -> 0 | F21: =-E21 -> 0 | G21: =+E21+F21 -> 0
A22: July | C22: =B22 -> 0 | D22: 0.4 | E22: =+C22*D22 -> 0 | F22: =-E22 -> 0 | G22: =+E22+F22 -> 0
A23: August | C23: =B23 -> 0 | D23: 0.4 | E23: =+C23*D23 -> 0 | F23: =+-E23 -> 0 | G23: =+E23+F23 -> 0
A24: September | C24: =B24 -> 0 | D24: 0.4 | E24: =+C24*D24 -> 0 | F24: =+-E24 -> 0 | G24: =+E24+F24 -> 0
A25: October | C25: =B25 -> 0 | D25: 0.4 | E25: =+C25*D25 -> 0 | F25: =+-E25 -> 0 | G25: =+E25+F25 -> 0
A26: November | C26: =B26 -> 0 | D26: 0.4 | E26: =+C26*D26 -> 0 | F26: =+-E26 -> 0 | G26: =+E26+F26 -> 0
A27: December | C27: =B27 -> 0 | D27: 0.4 | E27: =+C27*D27 -> 0 | F27: =+-E27 -> 0 | G27: =+E27+F27 -> 0
A28: TOTALS | B28: =SUM(B16:B27) -> 19028 | E28: =SUM(E16:E27) -> 7611.2
A31: Conversions
A32: Client | B32: Candidate | C32: Start Date | D32: Inv Amount | E32: Percentage | F32: Share | G32: Date Paid | H32: Client Paid | I32: Share
A33: Marker Management | B33: Tetyana Pitula | C33: 46055 | D33: 15000 | E33: 1 | F33: =D33*E33 -> 15000 | G33: 46077 | H33: =D33 -> 15000 | I33: =H33*E33 -> 15000

Sheet Payroll Rec
B2: =Inputs!B2 -> Recruiter Name: | C2: =Inputs!C2 -> Vince Brindisi
B3: =Inputs!B3 -> Initials: | C3: =Inputs!C3 -> VB
B4: =Inputs!B4 -> Draw Balance: | C4: =Inputs!C4 -> -25297.93
B5: =Inputs!B5 -> Current Year: | C5: =Inputs!C5 -> 2026
B6: =Inputs!B6 -> Prior Year | C6: =Inputs!C6 -> 2025
B7: =Inputs!B7 -> Plan: | C7: =Inputs!C7 -> DH Recruiter
B8: =Inputs!B8 -> YTD Direct Hire Billings: | C8: =Inputs!C8 -> 97206.25
B9: =Inputs!B10 -> YTD Staffing GM: | C9: =Inputs!C10 -> 19028
B10: =Inputs!B11 -> YTD Cash-In: | C10: =Inputs!C11 -> 43768.75
B11: =Inputs!B12 -> YTD Commissions Earned: | C11: =Inputs!C12 -> 25118.7
B13: Carryover Balance from 2020 | C13: 45672 | D13: 45688 | E13: 45703 | F13: 45716 | G13: 45731 | H13: 45747 | I13: 45762 | J13: 45777 | K13: =+J13+15 -> 45792 | L13: =+K13+16 -> 45808 | M13: =+L13+15 -> 45823 | N13: =+M13+15 -> 45838 | O13: =+N13+15 -> 45853 | P13: =+O13+16 -> 45869 | Q13: =+P13+15 -> 45884 | R13: =+Q13+16 -> 45900 | S13: =+R13+15 -> 45915 | T13: =+S13+15 -> 45930 | U13: =+T13+15 -> 45945 | V13: =+U13+16 -> 45961 | W13: =+V13+15 -> 45976 | X13: =+W13+15 -> 45991 | Y13: =+X13+15 -> 46006 | Z13: =+Y13+16 -> 46022 | AA13: =+Z13+15 -> 46037
C14: Payroll | D14: Payroll | E14: Payroll | F14: Payroll | G14: Payroll | H14: Payroll | I14: Payroll | J14: Payroll | K14: Payroll | L14: Payroll | M14: Payroll | N14: Payroll | O14: Payroll | P14: Payroll | Q14: Payroll | R14: Payroll | S14: Payroll | T14: Payroll | U14: Payroll | V14: Payroll | W14: Payroll | X14: Payroll | Y14: Payroll | Z14: Payroll | AA14: Payroll
C15: Summary | D15: Summary | E15: Summary | F15: Summary | G15: Summary | H15: Summary | I15: Summary | J15: Summary | K15: Summary | L15: Summary | M15: Summary | N15: Summary | O15: Summary | P15: Summary | Q15: Summary | R15: Summary | S15: Summary | T15: Summary | U15: Summary | V15: Summary | W15: Summary | X15: Summary | Y15: Summary | Z15: Summary | AA15: Summary
A16: Direct Hire/Temp to Perm Commissions | C16: 25400 | E16: =+'DH Comm Calc'!E16 -> 5850 | G16: =+'DH Comm Calc'!E17 -> 3370 | I16: =+'DH Comm Calc'!E18 -> 0 | K16: ='DH Comm Calc'!$E19 -> 0 | M16: ='DH Comm Calc'!$E20 -> 8287.5 | O16: ='DH Comm Calc'!$E21 -> 0 | Q16: ='DH Comm Calc'!$E22 -> 0 | S16: ='DH Comm Calc'!$E23 -> 0 | U16: ='DH Comm Calc'!$E24 -> 0 | W16: ='DH Comm Calc'!$E25 -> 0 | Y16: ='DH Comm Calc'!$E26 -> 0 | AA16: ='DH Comm Calc'!$E27 -> 0
A17: Staffing Commissions | C17: 1153.28 | E17: =+'Staffing Comm Calc'!E16 -> 1272 | G17: =+'Staffing Comm Calc'!E17 -> 6339.2 | I17: =+'Staffing Comm Calc'!E18 -> 0 | K17: ='Staffing Comm Calc'!$E19 -> 0 | M17: ='Staffing Comm Calc'!$E20 -> 0 | O17: ='Staffing Comm Calc'!$E21 -> 0 | Q17: ='Staffing Comm Calc'!$E22 -> 0 | S17: ='Staffing Comm Calc'!$E23 -> 0 | U17: ='Staffing Comm Calc'!$E24 -> 0 | W17: ='Staffing Comm Calc'!$E25 -> 0 | Y17: ='Staffing Comm Calc'!$E26 -> 0 | AA17: ='Staffing Comm Calc'!$E27 -> 0
A18: Temp Override/Mentoring
A19: DH Override/Mentoring
A20: Override/Mentoring
A21: SUBTOTAL Override/Mentoring | C21: =SUM(C18:C20) -> 0 | D21: =SUM(D18:D20) -> 0 | E21: =SUM(E18:E20) -> 0 | F21: =SUM(F18:F20) -> 0 | G21: =SUM(G18:G20) -> 0 | H21: =SUM(H18:H20) -> 0 | I21: =SUM(I18:I20) -> 0 | J21: =SUM(J18:J20) -> 0 | ... AA21: =SUM(AA18:AA20) -> 0
A22: Client Paid Bonuses ()
A23: Candidate/Client Referrals
A24: Internal Hiring Referrals
A25: Discretionary Bonus (Holiday/Performance)
A26: SUBTOTAL Bonuses | C26: =SUM(C22:C25) -> 0 | D26: =SUM(D22:D25) -> 0 | E26: =SUM(E22:E25) -> 0 | F26: =SUM(F22:F25) -> 0 | G26: =SUM(G22:G25) -> 0 | H26: =SUM(H22:H25) -> 0 | I26: =SUM(I22:I25) -> 0 | J26: =SUM(J22:J25) -> 0 | ... AA26: =SUM(AA22:AA25) -> 0
AB28: =SUM(C28:AA28) -> 0 | AC28: TOTAL
A29: Gross Commissions & Bonuses Earned | C29: =C16+C17+C21+C26 -> 26553.28 | D29: =D16+D17+D21+D26 -> 0 | E29: =E16+E17+E21+E26 -> 7122 | F29: =F16+F17+F21+F26 -> 0 | G29: =G16+G17+G21+G26 -> 9709.2 | H29: =H16+H17+H21+H26 -> 0 | I29: =I16+I17+I21+I26 -> 0 | J29: =J16+J17+J21+J26 -> 0 | ... AA29: =AA16+AA17+AA21+AA26 -> 0 | AB29: =SUM(C29:AA29) -> 51671.98 | AC29: TOTAL | AD29: Gross Commissions Earned
A31: Salary (+) | AB31: =SUM(C31:AA31) -> 0 | AD31: Salary (+)
A32: Draw | C32: 4583.33 | D32: 4583.33 | E32: 4583.33 | F32: 4583.33 | G32: 4583.33 | H32: 4583.33 | I32: 4583.33 | J32: 4583.33 | K32: 4583.33 | L32: 4583.33 | M32: 4583.33 | N32: 4583.33 | O32: 4583.33 | P32: 4583.33 | Q32: 4583.33 | R32: 4583.33 | S32: 4583.33 | T32: 4583.33 | U32: 4583.33 | V32: 4583.33 | W32: 4583.33 | X32: 4583.33 | Y32: 4583.33 | Z32: 4583.33 | AA32: 4583.33 | AB32: =SUM(C32:AA32) -> 114583.25 | AD32: Monthly Draw
A33: Payroll Advances (Through Payroll) | E33: 0 | AB33: =SUM(C33:AA33) -> 0 | AD33: Payroll Advances (Through Payroll)
A34: Total Pay Before Draw/Advance Recovery | C34: =SUM(C29:C33) -> 31136.61 | D34: =SUM(D29:D33) -> 4583.33 | E34: =SUM(E29:E33) -> 11705.33 | F34: =SUM(F29:F33) -> 4583.33 | G34: =SUM(G29:G33) -> 14292.53 | H34: =SUM(H29:H33) -> 4583.33 | I34: =SUM(I29:I33) -> 4583.33 | J34: =SUM(J29:J33) -> 4583.33 | ... AA34: =SUM(AA29:AA33) -> 4583.33 | AB34: =SUM(AB31:AB33) -> 114583.25 | AD34: Subtotal
A36: Draw/Advance Recovery (-) | C36: =IF(B39>=0,0,IF((C34+B39)<=$B$44,-(C34-$B$44),B39)) -> -6846.12 | D36: =IF(C39>=0,0,IF((D34+C39)<=$B$44,-(D34-$B$44),C39)) -> 0 | E36: =IF(D39>=0,0,IF((E34+D39)<=$B$44,-(E34-$B$44),D39)) -> -7122 | F36: =IF(E39>=0,0,IF((F34+E39)<=$B$44,-(F34-$B$44),E39)) -> 0 | G36: =IF(F39>=0,0,IF((G34+F39)<=$B$44,-(G34-$B$44),F39)) -> -9709.2 | H36: =IF(G39>=0,0,IF((H34+G39)<=$B$44,-(H34-$B$44),G39)) -> 0 | I36: =IF(H39>=0,0,IF((I34+H39)<=$B$44,-(I34-$B$44),H39)) -> 0 | J36: =IF(I39>=0,0,IF((J34+I39)<=$B$44,-(J34-$B$44),I39)) -> 0 | ... AA36: =IF(Z39>=0,0,IF((AA34+Z39)<=$B$44,-(AA34-$B$44),Z39)) -> 0
A37: Amt to be paid | C37: =C34+C36 -> 24290.49 | D37: =D34+D36 -> 4583.33 | E37: =E34+E36 -> 4583.33 | F37: =F34+F36 -> 4583.33 | G37: =G34+G36 -> 4583.33 | H37: =H34+H36 -> 4583.33 | I37: =I34+I36 -> 4583.33 | J37: =J34+J36 -> 4583.33 | ... AA37: =AA34+AA36 -> 4583.33 | AB37: =+AB29+AB34 -> 166255.23 | AD37: Amt to be paid
A39: Draw Balance (-) | B39: -6846.12 | C39: =B39-C32-C36 -> -4583.33 | D39: =C39-D32-D36 -> -9166.66 | E39: =D39-E32-E36 -> -6627.99 | F39: =E39-F32-F36 -> -11211.32 | G39: =F39-G32-G36 -> -6085.45 | H39: =G39-H32-H36 -> -10668.78 | I39: =H39-I32-I36 -> -15252.11 | J39: =I39-J32-J36 -> -19835.44 | ... AA39: =Z39-AA32-AA36 -> -89464.55 | AB39: =Z39 -> -84881.22 | AD39: Draw Balance
E40: =+E39+E37 -> -2044.66
A41: Per Commission Report | E41: =+E37-E32 -> 0 | G41: =+G37-G32 -> 0 | I41: =+I37-I32 -> 0 | J41: =+J37-J32 -> 0 | K41: =+K37-K32 -> 0 | L41: =+L37-L32 -> 0 | M41: =+M37-M32 -> 0 | N41: =+N37-N32 -> 0 | O41: =+O37-O32 -> 0 | P41: =+P37-P32 -> 0 | ... U41: =+U37-U32 -> 0 | W41: =+W37-W32 -> 0 | Y41: =+Y37-Y32 -> 0 | AA41: =+AA37-AA32 -> 0
A44: Draw | B44: 4583.33

Sheet Commission Formula
A1: 0 | B1: 0 | C1: 0.5
A2: 50000 | B2: =+B1+C1*(A2-A1) -> 25000 | C2: 0.5
A3: 75000 | B3: =+B2+C2*(A3-A2) -> 37500 | C3: 0.5 | D3: Director Plan C
A4: 100000 | B4: =+B3+C3*(A4-A3) -> 50000 | C4: 0.5
A5: 125000 | B5: =+B4+C4*(A5-A4) -> 62500 | C5: 0.5
A6: 150000 | B6: =+B5+C5*(A6-A5) -> 75000 | C6: 0.5
A7: 400000 | B7: =+B6+C6*(A7-A6) -> 200000 | C7: 0.5
A11: 0 | B11: 0 | C11: 0.3 | D11: Staffing GM Commission Scale
A12: 10000 | B12: =+B11+C11*(A12-A11) -> 3000 | C12: 0.3
A13: 19999.99 | B13: =+B12+C12*(A13-A12) -> 5999.997 | C13: 0.3
A14: 29999.99 | B14: =+B13+C13*(A14-A13) -> 8999.997 | C14: 0.3
